,Planet,Hydrogen Inventory [H oceans],Redox State,Nightside Detected,Number of observations,Surface Pressure [bar],Atmospheric Components,Transit Duration (hours),Integration Time (hours),Total Telescope Time (hours),Orbital Period (hours)
0,HD3167,H10,IW4,True,15,10.902882027016927,"SO2, H2O",1.61,75.36500000000001,172.79999999999998,23.04
1,HD3167,H20,IW4,True,15,301.8890797227862,"CO2, N2",1.61,75.36500000000001,172.79999999999998,23.04
2,K2141,H10,IW4,True,8,37.15553686102315,"SO2, H2O",0.94,20.82,26.880000000000003,6.720000000000001
3,K2141,H10,IW4,True,11,474.71853428991705,"SO2, S2",0.94,27.87,36.96,6.720000000000001
4,TOI431,H05,IW4,True,9,30.06617935472506,"SO2, H2O",1.24,33.459999999999994,52.92,11.76
5,TOI431,H05,IW4,True,12,358.22151921438234,"SO2, S2",1.24,42.76,70.56,11.76
6,TOI500,H20,IW2,True,35,20.38406192626932,"H2O, H2",0.99,94.87499999999999,231.0,13.200000000000001
7,TOI500,H20,IW4,True,36,217.25748870954104,"H2O, SO2",0.99,97.35,237.6,13.200000000000001
8,TOI561,H20,IW4,True,35,45.076656752754914,"H2O, O2",1.31,118.87500000000001,189.00000000000003,10.8
